{
	"credit": "Made with Blockbench",
	"textures": {
		"0": "minecraft:items/ccard",
		"particle": "minecraft:items/ccard"
	},
	"elements": [
		{
			"from": [6, 0, 7],
			"to": [10, 1, 8],
			"rotation": {"angle": 0, "axis": "y", "origin": [8, 1, 8]},
			"faces": {
				"north": {"uv": [0, 0, 2, 0.5], "texture": "#0"},
				"east": {"uv": [0, 0, 0.5, 0.5], "texture": "#0"},
				"south": {"uv": [0, 0, 2, 0.5], "texture": "#0"},
				"west": {"uv": [0, 0, 0.5, 0.5], "texture": "#0"},
				"up": {"uv": [0, 0, 2, 0.5], "texture": "#0"},
				"down": {"uv": [0, 0, 2, 0.5], "texture": "#0"}
			}
		},
		{
			"from": [6, 3, 7],
			"to": [10, 4, 8],
			"rotation": {"angle": 0, "axis": "y", "origin": [8, 1, 8]},
			"faces": {
				"north": {"uv": [0, 0, 2, 0.5], "texture": "#0"},
				"east": {"uv": [0, 0, 0.5, 0.5], "texture": "#0"},
				"south": {"uv": [0, 0, 2, 0.5], "texture": "#0"},
				"west": {"uv": [0, 0, 0.5, 0.5], "texture": "#0"},
				"up": {"uv": [0, 0, 2, 0.5], "texture": "#0"},
				"down": {"uv": [0, 0, 2, 0.5], "texture": "#0"}
			}
		},
		{
			"from": [5, 1, 7],
			"to": [11, 3, 8],
			"rotation": {"angle": 0, "axis": "y", "origin": [8, 1, 8]},
			"faces": {
				"north": {"uv": [0, 14, 6, 16], "texture": "#0"},
				"east": {"uv": [0, 11.5, 6, 13.5], "texture": "#0"},
				"south": {"uv": [0, 11, 6, 13], "texture": "#0"},
				"west": {"uv": [0, 9.5, 6, 11.5], "texture": "#0"},
				"up": {"uv": [0, 10.5, 6, 12.5], "texture": "#0"},
				"down": {"uv": [0, 10, 6, 12], "texture": "#0"}
			}
		}
	],
	"display": {
		"thirdperson_righthand": {
			"translation": [0, 7.5, 1.75]
		},
		"thirdperson_lefthand": {
			"translation": [0, 7.5, 1.75]
		},
		"firstperson_righthand": {
			"rotation": [0, 125, 0],
			"translation": [0, 9.25, 0]
		},
		"firstperson_lefthand": {
			"rotation": [0, 125, 0],
			"translation": [0, 9.25, 0]
		},
		"ground": {
			"translation": [0, 4.75, 0]
		},
		"gui": {
			"rotation": [-12, 159, 14],
			"translation": [3.25, 11, 0],
			"scale": [2, 2, 2]
		},
		"fixed": {
			"translation": [0, 12.5, 0],
			"scale": [2, 2, 2]
		}
	}
}