{
	"credit": "Made with Blockbench",
	"textures": {
		"0": "minecraft:items/goldcoin",
		"particle": "minecraft:items/goldcoin"
	},
	"elements": [
		{
			"from": [5, 0, 8],
			"to": [6, 0.5, 9],
			"faces": {
				"north": {"uv": [0, 0, 1, 0.5], "texture": "#0"},
				"east": {"uv": [0, 0, 1, 0.5], "texture": "#0"},
				"south": {"uv": [0, 0, 1, 0.5], "texture": "#0"},
				"west": {"uv": [0, 0, 1, 0.5], "texture": "#0"},
				"up": {"uv": [0, 0, 1, 1], "texture": "#0"},
				"down": {"uv": [0, 0, 1, 1], "texture": "#0"}
			}
		},
		{
			"from": [4, 2, 8],
			"to": [7, 3, 9],
			"faces": {
				"north": {"uv": [0, 0, 3, 1], "texture": "#0"},
				"east": {"uv": [0, 0, 1, 1], "texture": "#0"},
				"south": {"uv": [0, 0, 3, 1], "texture": "#0"},
				"west": {"uv": [0, 0, 1, 1], "texture": "#0"},
				"up": {"uv": [0, 0, 3, 1], "texture": "#0"},
				"down": {"uv": [0, 0, 3, 1], "texture": "#0"}
			}
		},
		{
			"from": [6.2, 1, 8],
			"to": [7, 2, 9],
			"faces": {
				"north": {"uv": [0, 0, 0.8, 1], "texture": "#0"},
				"east": {"uv": [0, 0, 1, 1], "texture": "#0"},
				"south": {"uv": [0, 0, 0.8, 1], "texture": "#0"},
				"west": {"uv": [0, 0, 1, 1], "texture": "#0"},
				"up": {"uv": [0, 0, 0.8, 1], "texture": "#0"},
				"down": {"uv": [0, 0, 0.8, 1], "texture": "#0"}
			}
		},
		{
			"from": [6.4, -0.4, 8],
			"to": [7, 1, 9],
			"rotation": {"angle": -45, "axis": "z", "origin": [7, 1, 8]},
			"faces": {
				"north": {"uv": [0, 0, 1.4, 0.6], "rotation": 90, "texture": "#0"},
				"east": {"uv": [0, 0, 1.4, 1], "rotation": 270, "texture": "#0"},
				"south": {"uv": [0, 0, 1.4, 0.6], "rotation": 270, "texture": "#0"},
				"west": {"uv": [0, 0, 1.4, 1], "rotation": 270, "texture": "#0"},
				"up": {"uv": [0, 0, 1, 0.6], "rotation": 270, "texture": "#0"},
				"down": {"uv": [0, 0, 1, 0.6], "rotation": 270, "texture": "#0"}
			}
		},
		{
			"from": [4.9, 1.7, 8],
			"to": [5.5, 3.1, 9],
			"rotation": {"angle": 45, "axis": "z", "origin": [7, 1, 8]},
			"faces": {
				"north": {"uv": [0, 0, 1.4, 0.6], "rotation": 90, "texture": "#0"},
				"east": {"uv": [0, 0, 1.4, 1], "rotation": 270, "texture": "#0"},
				"south": {"uv": [0, 0, 1.4, 0.6], "rotation": 270, "texture": "#0"},
				"west": {"uv": [0, 0, 1.4, 1], "rotation": 270, "texture": "#0"},
				"up": {"uv": [0, 0, 1, 0.6], "rotation": 270, "texture": "#0"},
				"down": {"uv": [0, 0, 1, 0.6], "rotation": 270, "texture": "#0"}
			}
		},
		{
			"from": [4, 1, 8],
			"to": [4.8, 2, 9],
			"faces": {
				"north": {"uv": [0, 0, 0.8, 1], "texture": "#0"},
				"east": {"uv": [0, 0, 1, 1], "texture": "#0"},
				"south": {"uv": [0, 0, 0.8, 1], "texture": "#0"},
				"west": {"uv": [0, 0, 1, 1], "texture": "#0"},
				"up": {"uv": [0, 0, 0.8, 1], "texture": "#0"},
				"down": {"uv": [0, 0, 0.8, 1], "texture": "#0"}
			}
		},
		{
			"from": [7, 1.6, 8],
			"to": [12, 2.6, 9],
			"faces": {
				"north": {"uv": [0, 0, 5, 1], "texture": "#0"},
				"east": {"uv": [0, 0, 1, 1], "texture": "#0"},
				"south": {"uv": [0, 0, 5, 1], "texture": "#0"},
				"west": {"uv": [0, 0, 1, 1], "texture": "#0"},
				"up": {"uv": [0, 0, 5, 1], "texture": "#0"},
				"down": {"uv": [0, 0, 5, 1], "texture": "#0"}
			}
		},
		{
			"from": [11, 0.6, 8],
			"to": [11.4, 1.6, 9],
			"rotation": {"angle": 0, "axis": "y", "origin": [8, 7.6, 8]},
			"faces": {
				"north": {"uv": [0, 0, 0.4, 1], "texture": "#0"},
				"east": {"uv": [0, 0, 1, 1], "texture": "#0"},
				"south": {"uv": [0, 0, 0.4, 1], "texture": "#0"},
				"west": {"uv": [0, 0, 1, 1], "texture": "#0"},
				"up": {"uv": [0, 0, 0.4, 1], "texture": "#0"},
				"down": {"uv": [0, 0, 0.4, 1], "texture": "#0"}
			}
		},
		{
			"from": [9.6, 0.6, 8],
			"to": [10, 1.6, 9],
			"rotation": {"angle": 0, "axis": "y", "origin": [8, 7.6, 8]},
			"faces": {
				"north": {"uv": [0, 0, 0.4, 1], "texture": "#0"},
				"east": {"uv": [0, 0, 1, 1], "texture": "#0"},
				"south": {"uv": [0, 0, 0.4, 1], "texture": "#0"},
				"west": {"uv": [0, 0, 1, 1], "texture": "#0"},
				"up": {"uv": [0, 0, 0.4, 1], "texture": "#0"},
				"down": {"uv": [0, 0, 0.4, 1], "texture": "#0"}
			}
		}
	],
	"display": {
		"thirdperson_righthand": {
			"rotation": [0, 90, 0],
			"translation": [0, 6.25, -2.25]
		},
		"thirdperson_lefthand": {
			"rotation": [0, -90, 0],
			"translation": [0, 6.25, -2.25]
		},
		"firstperson_righthand": {
			"rotation": [0, 100, 0],
			"translation": [0, 9, 0]
		},
		"firstperson_lefthand": {
			"rotation": [0, -100, 0],
			"translation": [0, 9, 0]
		},
		"ground": {
			"rotation": [-90, 0, 0],
			"translation": [0, -3.25, -6.5]
		}
	}
}