{
	"credit": "Made with Blockbench",
	"textures": {
		"0": "minecraft:items/goldcoin",
		"particle": "minecraft:items/goldcoin"
	},
	"elements": [
		{
			"from": [7, 0, 8],
			"to": [9, 4, 9],
			"faces": {
				"north": {"uv": [0, 0, 2, 4], "texture": "#0"},
				"east": {"uv": [0, 0, 2, 4], "texture": "#0"},
				"south": {"uv": [0, 0, 2, 4], "texture": "#0"},
				"west": {"uv": [0, 0, 2, 4], "texture": "#0"},
				"up": {"uv": [0, 0, 2, 4], "texture": "#0"},
				"down": {"uv": [0, 0, 2, 4], "texture": "#0"}
			}
		},
		{
			"from": [6, 1, 8],
			"to": [7, 3, 9],
			"faces": {
				"north": {"uv": [0, 0, 2, 1], "rotation": 270, "texture": "#0"},
				"east": {"uv": [0, 0, 2, 1], "rotation": 270, "texture": "#0"},
				"south": {"uv": [0, 0, 2, 1], "rotation": 270, "texture": "#0"},
				"west": {"uv": [0, 0, 2, 1], "rotation": 270, "texture": "#0"},
				"up": {"uv": [0, 0, 2, 1], "rotation": 270, "texture": "#0"},
				"down": {"uv": [0, 0, 2, 1], "rotation": 270, "texture": "#0"}
			}
		},
		{
			"from": [9, 1, 8],
			"to": [10, 3, 9],
			"faces": {
				"north": {"uv": [0, 0, 2, 1], "rotation": 270, "texture": "#0"},
				"east": {"uv": [0, 0, 2, 1], "rotation": 270, "texture": "#0"},
				"south": {"uv": [0, 0, 2, 1], "rotation": 270, "texture": "#0"},
				"west": {"uv": [0, 0, 2, 1], "rotation": 270, "texture": "#0"},
				"up": {"uv": [0, 0, 2, 1], "rotation": 270, "texture": "#0"},
				"down": {"uv": [0, 0, 2, 1], "rotation": 270, "texture": "#0"}
			}
		}
	],
	"display": {
		"thirdperson_righthand": {
			"translation": [0, 7.5, 0.75]
		},
		"thirdperson_lefthand": {
			"translation": [0, 7.5, 0.75]
		},
		"firstperson_righthand": {
			"rotation": [0, -60, 0],
			"translation": [0, 9, 0]
		},
		"firstperson_lefthand": {
			"rotation": [0, -60, 0],
			"translation": [0, 9, 0]
		},
		"ground": {
			"rotation": [90, 0, 0],
			"translation": [0, -0.75, 5.25]
		},
		"gui": {
			"rotation": [0, -23, 0],
			"translation": [0.25, 12.25, 0],
			"scale": [2, 2, 2]
		},
		"fixed": {
			"translation": [0, 12.25, -1.75],
			"scale": [2, 2, 2]
		}
	}
}